<?xml version="1.0" encoding="UTF-8"?>
<measure xmlns:xsi="http://www.w3.org/2001/XMLSchema-instance" xsi:noNamespaceSchemaLocation="http://bcl.nrel.gov/xsd/measures/version/1.0.xsd"><name>Add Overhangs by Projection Factor</name><uid>1e29e117-3916-4368-b24d-75da54045956</uid><version_id>4da317af-e67e-4f4e-bcb9-d30452fde2db</version_id><description>Add overhangs by projection factor to specified windows. The projection factor is the overhang depth divided by the window height. This can be applied to windows by the closest cardinal direction. If baseline model contains overhangs made by this measure, they will be replaced. Optionally the measure can delete any pre-existing space shading surfaces.</description><modeler_description>If requested then delete existing space shading surfaces. Then loop through exterior windows. If the requested cardinal direction is the closest to the window, then add the overhang. Name the shading surface the same as the window but append with &quot;-Overhang&quot;.  If a space shading surface of that name already exists, then delete it before making the new one. This measure has no life cycle cost arguments. You can see the economic impact of the measure by costing the construction used for the overhangs.</modeler_description><tags><tag>Envelope.Fenestration</tag></tags><attributes><attribute><name>Measure Type</name><value>ModelMeasure</value><datatype>string</datatype></attribute><attribute><name>Measure Function</name><value>Measure</value><datatype>string</datatype></attribute><attribute><name>Requires EnergyPlus Results</name><value>false</value><datatype>boolean</datatype></attribute><attribute><name>Uses SketchUp API</name><value>false</value><datatype>boolean</datatype></attribute></attributes><files><file><filename>AddOverhangsByProjectionFactor_Test.rb</filename><filetype>rb</filetype><usage_type>test</usage_type><checksum>285A7A4F</checksum></file><file><version><software_program>OpenStudio</software_program><identifier>0.10.2</identifier></version><filename>measure.rb</filename><filetype>rb</filetype><usage_type>script</usage_type><checksum>098819CC</checksum></file><file><filename>OverhangTestModel_01.osm</filename><filetype>osm</filetype><usage_type>test</usage_type><checksum>E70C5835</checksum></file></files></measure>