<?xml version="1.0" encoding="UTF-8"?>
<measure xmlns:xsi="http://www.w3.org/2001/XMLSchema-instance" xsi:noNamespaceSchemaLocation="http://bcl.nrel.gov/xsd/measures/version/1.0.xsd"><name>Set R-value of Insulation for Roofs to a Specific Value</name><uid>c6b78646-be8e-425b-af79-fdbbcd0d58d5</uid><version_id>aabf3df6-9683-4b99-8d6b-e6c63c2d92bf</version_id><description>Set the R-Value of roof insulation to a specified value.  Higher R-Values provide better insulation, lowering heat loss and heat gain through the roof.</description><modeler_description>Set the R-Value (ft^2*h*R/Btu) of the insulation material layer in all roofs in the model to a specified value.  Find constructions used for roofs, make copies of these and assign them to the appropriate construction sets or surfaces. Identify which layer of the construction is the insulation layer. This could be a Material, No Mass Material, or Air Gap Material. If the Insulation layer is &quot;Material? the thickness will be changed to attain the desired R-Value. If the insulation layer is &quot;No Mass Material? or &quot;Air Gap Material? the Thermal Resistance will be directly entered.  If the construction doesn't appear to have an insulation layer, it will not be altered. Surfaces with &quot;Adiabatic&quot; boundary conditions are not specifically assumed to be interior or exterior. As a result constructions used on &quot;Adiabatic&quot; surfaces will not be altered. Constructions used on attic floors will not be altered.&#13;&#13;&#13;&#13;&#13;&#13;&#13;
&#13;&#13;&#13;&#13;&#13;&#13;&#13;
The resulting construction will retain the cost data from the source construction, however material and installation cost can be increased which will affect replacement cost if it happens during the analysis period. Additionally a one-time cost can be added to reflect any retrofit costs that occur at some point prior to replacement.&#13;&#13;&#13;&#13;&#13;&#13;&#13;
  </modeler_description><tags><tag>Envelope.Opaque</tag></tags><attributes><attribute><name>Measure Type</name><value>ModelMeasure</value><datatype>string</datatype></attribute><attribute><name>Measure Function</name><value>Measure</value><datatype>string</datatype></attribute><attribute><name>Requires EnergyPlus Results</name><value>false</value><datatype>boolean</datatype></attribute><attribute><name>Uses SketchUp API</name><value>false</value><datatype>boolean</datatype></attribute></attributes><files><file><filename>EnvelopeAndLoadTestModel_01.osm</filename><filetype>osm</filetype><usage_type>test</usage_type><checksum>938A1BB0</checksum></file><file><filename>ReverseTranslatedModel.osm</filename><filetype>osm</filetype><usage_type>test</usage_type><checksum>20C95654</checksum></file><file><filename>IncreaseInsulationRValueForRoofs_Test.rb</filename><filetype>rb</filetype><usage_type>test</usage_type><checksum>88738B17</checksum></file><file><version><software_program>OpenStudio</software_program><identifier>0.11.5</identifier></version><filename>measure.rb</filename><filetype>rb</filetype><usage_type>script</usage_type><checksum>95488DB8</checksum></file></files></measure>