{
  "classname": "RotateBuilding",
  "name": "rotate_building",
  "display_name": "Rotate Building",
  "measure_type": "RubyMeasure",
  "arguments": [
    {
      "name": "relative_building_rotation",
      "display_name": "Number of Degrees to Rotate Building",
      "variable_type": "Double",
      "local_variable": "relative_building_rotation",
      "units": "positive value is clockwise",
      "default_value": 90.0
    }
  ],
  "name_xml": "Rotate Building Relative to Current Orientation",
  "uid": "a5be6c96-4ecc-47fa-8d32-f4216ebc2e7d",
  "version_id": "aeb20d61-b773-4d20-a2ef-fe948cdc2858",
  "tags": [
    "Envelope.Form"
  ],
  "modeler_description_xml": "Get the North Axis field for the  OS:Building object and adjusted it based on the user specified value. If the starting value is 20 degrees and the user value is 5 degrees, then the resulting value is 25 degrees.",
  "description_xml": "Rotate your building relative to its current orientation. This will not rotate site shading objects."
}