<?xml version="1.0" encoding="UTF-8"?>
<measure xmlns:xsi="http://www.w3.org/2001/XMLSchema-instance" xsi:noNamespaceSchemaLocation="http://bcl.nrel.gov/xsd/measures/version/1.0.xsd"><name>Rotate Building Relative to Current Orientation</name><uid>a5be6c96-4ecc-47fa-8d32-f4216ebc2e7d</uid><version_id>aeb20d61-b773-4d20-a2ef-fe948cdc2858</version_id><description>Rotate your building relative to its current orientation. This will not rotate site shading objects.</description><modeler_description>Get the North Axis field for the  OS:Building object and adjusted it based on the user specified value. If the starting value is 20 degrees and the user value is 5 degrees, then the resulting value is 25 degrees.</modeler_description><tags><tag>Envelope.Form</tag></tags><attributes><attribute><name>Measure Type</name><value>ModelMeasure</value><datatype>string</datatype></attribute><attribute><name>Measure Function</name><value>Measure</value><datatype>string</datatype></attribute><attribute><name>Requires EnergyPlus Results</name><value>false</value><datatype>boolean</datatype></attribute><attribute><name>Uses SketchUp API</name><value>false</value><datatype>boolean</datatype></attribute></attributes><files><file><filename>RotateBuilding_TestModel_01.osm</filename><filetype>osm</filetype><usage_type>test</usage_type><checksum>E5C7E0B6</checksum></file><file><filename>RotateBuilding_Test.rb</filename><filetype>rb</filetype><usage_type>test</usage_type><checksum>D9410036</checksum></file><file><version><software_program>OpenStudio</software_program><identifier>1.3.0</identifier></version><filename>measure.rb</filename><filetype>rb</filetype><usage_type>script</usage_type><checksum>FEC15373</checksum></file></files></measure>